position,user,score
1,xiaowuc1,3257
2,tckmn,3174
3,5space,2909
4,nthistle,2486
5,jonathanpaulson,2484
6,Antonio Molina ,2476
7,dan-simon,2404
8,bluepichu,2370
9,leijurv,2285
10,boboquack,2241
11,hyper-neutrino,2226
12,D. Salgado,2198
13,Ian DeHaan,2092
14,Noble Mushtak,2046
15,Anish Singhani,2034
16,Oskar Haarklou Veileborg,1992
17,Oliver Ni,1930
18,Carl Schildkraut,1874
19,Lewin Gan,1725
20,Robert Xiao,1691
21,ruuddotorg,1586
22,mserrano,1567
23,Kevin Sheng,1525
24,Balint R,1520
25,Kroppeb,1507
26,anonymous user #1508761,1503
27,mrphlip,1500
28,Nathan Fenner,1492
29,nim-ka,1481
30,Egor Kulikov ,1426
31,scanhex,1376
32,zacharybarbanell,1375
33,Adavya Goyal,1351
34,anonymous user #1510407,1340
35,Joseph Durie,1330
36,Vladislav Isenbaev,1322
37,Neal Wu,1299
38,Erik Amirell Ekl√∂f,1275
39,Lovemathboy H,1274
40,Yoshiap,1254
41,Paul Swingle,1236
42,Ryan Hitchman,1177
43,Jan Verbeek,1171
44,LegionMammal978,1167
45,Davis Yoshida ,1145
46,Ross Dempsey,1144
47,Thomas Neill,1132
48,Looking for an internship!,1101
49,int-e,1079
50,Magnus Hokland Hegdahl,1071
51,Nicky Skybytskyi,1065
52,Sean Yawning,1054
53,Mathis Hammel ,1051
54,glguy,1034
55,Gorane7,1027
56,@AlexSkidanov,1025
57,TimHuisman1703,1023
58,connorjayr,1002
59,Nordine Lotfi,993
60,vstrimaitis,983
61,Verulean,981
62,Zack Lee,976
63,Jasper van Merle,959
64,Zeyu Chen,950
65,tenth,940
66,Ryan O‚ÄôHara,936
67,Daniel Yang,900
68,Thomas Feld,897
68,grhkm21,897
70,Anthony Li,896
71,mrkeldon,888
72,mangoqwq,879
73,Gabriel Wu,870
74,qpwoeirut,868
75,Epiphane,864
76,Jimmy M√•rdell,806
77,Craig Gidney,802
78,david-why,781
79,Justin Yokota,775
80,David Sharick,759
81,Kuma-TachiRen,741
82,msullivan,732
83,the-chenergy,727
84,phenomist,723
85,Shawn Hagler,721
86,Evan Howard,720
86,SeptaCube,720
88,WutPu,718
89,Gregor Kikelj,713
90,Anango Prabhat,708
91,rhendric,707
92,bcc32,699
93,Alexander Haupt,689
94,M√•ns Magnusson,687
95,Xavier Rene Plourde,683
96,Vince7778,668
97,Liresol,654
98,Mercerenies,651
98,coolcomputery,651
100,Cody Carlsen ,643
101,Tristan Sharma,640
102,–†–æ–º–∞–Ω –ö—É—Ä–º–∞–µ–≤,639
103,Etienne Vouga,637
104,Kye W. Shi,632
105,penteract,629
106,Pi-Hsun Shih,626
107,Dylan Smith,624
108,Kirby703,623
109,etotheipi1,620
110,Kevin Wang,619
111,Starwort,618
112,PoustouFlan,599
113,Dominick Han,583
114,jebouin,576
115,eagely,573
116,0e4ef622,572
117,Alexey Shmelev,568
118,Ahmed Siadomar,567
119,Also looking 4 an internship! ,557
119,Patrick Hogg,557
121,NotEvenJoking,552
122,zach1502,551
123,eniraa,541
124,ZED.Charley William Thairo,538
125,S. Teikn Smith,536
126,Defelo,531
127,Brian Liu,527
128,Lief,526
129,Daniel Gu,513
129,thuustalu,513
131,DayDun,507
131,qwewqa,507
133,seligman99,499
134,shakespeare1564 ,489
135,tung491,486
136,Level 51,478
137,Aaron ,471
137,yusent,471
139,anonymous user #637942,470
139,Timothy Mou,470
141,Carl Oscar Aaro,467
141,Jeffrey H.,467
143,Clancy Woodburn,465
143,Thomas,465
145,Robin Allen,464
146,milesman34,463
146,anonymous user #3487639,463
148,bradleysigma,460
149,anonymous user #1759814,457
150,ttalvitie,455
151,anonymous user #2330367,447
152,Maarten Sijm,446
153,mdlu,445
154,Robert P,444
155,rak1507,436
156,Yiming Li,435
157,anonymous user #1556836,433
158,randomdude999,432
159,Proximity Trigger,430
159,abailey2020,430
161,Zack Chroman,426
162,Andrew X. ,425
163,Parker Williams,422
164,Maks Verver,420
165,val tron,414
165,Louis Grennell,414
167,drysle,409
168,petertseng,406
169,Kevin Yap,404
170,andy-k,400
171,Kami Leon,397
172,Omkar Bhalerao,395
172,Brett Math,395
174,Tanner Hoke,393
175,Robert Usher,392
176,andriigrynenko,387
177,Jimmy Ding,380
178,Angelica Naguio,379
179,Andrew Macheret,377
180,Avi Swartz,376
181,mayoff,375
182,Lucas M.,372
183,nife,368
184,John Kesler,363
185,Jieruei Chang,361
186,Venkat Rao,355
187,Muhammad Rais Fathin Mudzakir,348
188,Pedro Os√≥rio,346
189,Mark Sturtevant,344
190,Brandon Young,338
190,mlucy,338
192,cefqrn,333
193,Joshua Wise,332
194,hltk,330
195,Nikitosh,329
195,Dmytro Soboliev,329
197,1234abcdcba4321 ,327
198,William Y. Feng,326
198,periodically-makes-puns,326
200,Nick Gavalas,321
201,anonymous user #2001399,318
201,horo,318
203,Kostero,317
204,aropan,315
205,andrewcarlotti,314
205,Joseph Malagon,314
207,Eldar Bogdanov,313
208,zhangjunyan2580,311
209,Bradley Louie,308
210,Martin ‚ÄúCifko‚Äù ≈†tefƒçek ,305
211,TINA WANG - STUDENT,301
211,Jerry Z. Li,301
213,Filip Hlasek,295
214,Josef Mina≈ô√≠k,294
215,Nick,293
216,Marcus Vogel,292
217,Samuel Chen,291
217,qerhgqe67fwq8fqw867f,291
219,S√∏ren Fuglede J√∏rgensen,290
220,Michael Fogleman,289
221,jwseph,288
222,Max J√§ger ,286
223,RootCubed,285
223,lutyj,285
225,Noeri Huisman,283
226,Max Nilsson,281
227,Golovanov399,280
227,–ú–∏—Ö–∞–∏–ª –ú–∏–Ω–∫–æ–≤ ,280
229,Thorvald Dox ,279
230,Daniel Anker Hermansen,277
231,Corentin THOMASSET,274
231,Patrick Gu,274
233,LyricLy,273
234,fadaaszhi,270
235,anonymous user #60233,268
235,SeanRBurton,268
237,HiggstonRainbird,267
238,anominos,266
239,ericlovesmath,265
240,Peter Kuhar,263
240,vash3r,263
242,Mathijs Vogelzang,260
243,Tom Sirgedas,259
244,David K. Zhang,258
244,RWayne93,258
246,Cameron Aavik,257
247,Matthew Ramina,256
248,Rayson Su,255
249,anonymous user #387166,253
250,ulrikdem,252
251,Bahnschrift,250
252,@Dusknt,248
252,skanev,248
252,Jan Arne≈æ,248
255,larry,244
256,Ethan C,243
257,Jonas Haller,242
257,Waffle,242
259,tbodt,239
259,anonymous user #2330831,239
261,Ryan Dewey ,238
262,Manish Kundu,233
262,Alex Liang,233
264,G√°bor Ferenc Kov√°cs,232
265,Enterprize1,231
265,anonymous user #1565212,231
265,anonymous user #44119,231
268,Jon Hartnett,230
269,RandomLB,228
270,phamtrongthang123,227
271,Herman,225
272,Coder Gautam,222
273,Geoffrey Kleinberg,221
274,Springo,218
275,Ben,215
276,ekimekim,213
277,almasip,212
278,Ivan Kazmenko,210
279,Tomas Rokicki,209
280,Olle Lapidus,208
281,Laurentiu Ionele ,206
281,NovaSagittarii,206
283,anonymous user #1047278,204
283,Saujas Nandi,204
285,Rem Zhang,202
286,Lau Xin Wei,201
286,Giacomo Stevanato,201
286,Albert Tam,201
286,UnrelatedString,201
286,kcaze,201
286,Toni Fadjukoff ,201
292,anonymous user #3428581,199
293,klange,197
293,Drew Boyuka,197
295,PDDG Glaser,195
296,anonymous user #1458482,193
296,Colton Pauderis ,193
298,anonymous user #2698856,190
298,anonymous user #672515,190
300,Yik Chun Wong,189
300,Chun Yeung Wong,189
300,benmor20,189
303,tluo5458,187
304,Nifley,186
304,Cole Ellis,186
306,mwk48,185
307,Mihhail Novik,184
307,zvdy,184
307,superjarle,184
307,InvMtx ,184
311,Dan Schafer,183
312,anonymous user #975121,182
312,RundownRhino,182
312,Eero V√§kiparta,182
312,dllu,182
316,Tom√°≈° Pavl√≠k,181
316,William Lin (tmwilliamlin168),181
316,hakiobo,181
319,anonymous user #1585166,180
320,blu3r4y,178
321,swhitt,176
321,leonard-weininger,176
321,Lukas Gelbmann,176
321,Francisco Demartino,176
325,üåÅüöë ,175
326,anonymous user #1245728,174
327,Xavier Cooney,173
327,Andrew Von Stieglitz,173
329,Xiongqi ZHANG ,172
330,Elmer Le,170
330,Jeffrey Fan,170
332,E-M-Bailey,169
332,Harry Slatyer,169
334,JackMacWindows,168
335,Nathan Wang,166
335,tonghuikang,166
335,Karan Vijayakumar,166
335,anonymous user #204385,166
339,sopyb,165
339,James Satherley,165
339,K Zhang,165
339,Ryan Croucher,165
339,Dario Suƒçiƒá,165
344,Chi Feng,164
344,tirefire,164
344,Timothy Elling ,164
347,jkseppan,161
347,joefarebrother,161
349,yuizumi,160
349,Nick Liu,160
351,Tobias Sargeant,159
352,Youssef El Zamzamy,158
353,quentinmit,157
353,anonymous user #3623430,157
353,Sneed's Feeduck and Seeduck,157
356,SourishS17,155
356,Murray Edwards,155
356,onionfarmerr,155
356,Samuel Huang,155
360,vitekmel,154
361,Matt√©o Delabre,152
362,paladin8,151
362,Hafnium780,151
364,Vitalii Nevidomyi,150
364,Arib Chowdhury,150
366,tmiddlet ,149
366,teekaytai,149
366,kalvdans,149
369,Dragon-Hatcher,147
369,Sobhan Mohammadpour,147
369,b-paul,147
369,sagarbrathod1,147
373,teidesu,146
373,Joel Gibson,146
373,leifmetcalf,146
376,Andrew Badr,145
376,Paul Draper,145
376,Robert Nies,145
376,kermitnirmit,145
380,ast-ral,144
380,Yan Kang Lee,144
380,the-glu ,144
383,Evan Kwan,142
383,M. Penschuck,142
385,Hideyuki Tanaka,141
386,Justin Pombrio,140
387,ictrobot,139
387,Riley Borgard,139
387,Sofapuden,139
390,WYXkk,138
390,icicl,138
390,Adam Zalcman,138
393,Kevin Sun,137
394,Miriam Vellacott,136
394,Jo√£o Salavisa,136
394,PhoenixReaper,136
394,ThatRedox,136
398,Md Abedin,134
398,willwam,134
398,michaelzhan1,134
398,sohcah,134
398,Shik Chen,134
398,N_z_,134
398,VasilyDK,134
398,Reinier Schmiermann,134
398,Martijn ,134
398,dancarmoz,134
408,Paul McMullin,133
408,NBonaparte,133
408,Christian Cederquist,133
408,Ben Kogan,133
408,rocket3989,133
413,Alex Wice,131
413,Yulin Shen,131
415,Joel Jonsson,130
416,Austin,129
416,Victor Chen,129
416,F2 ,129
419,Matt Gruskin ,127
419,meexwaal,127
419,psun256,127
422,chunkybanana,126
423,anonymous user #2375057,124
423,bunceandbean,124
423,carro,124
423,Dan Sanders,124
427,Tsu-Hao Liu,123
427,jaredtrh,123
429,anonymous user #2724128,122
429,Martin Camacho,122
429,Craig Silverstein,122
429,Khanh Hiep Tran,122
429,most90,122
429,Srƒëan Tot,122
435,piman51277,121
436,thomasranieri,120
437,mebeim,119
437,Ben Zydney,119
437,Benedikt Werner,119
437,James Leung,119
441,alexirpan,118
442,Jeffrey Meng,117
443,startrekdude,116
443,AdamHe17 ,116
443,Radoslav Kirov,116
443,blaumeise20,116
443,wisewizardofthestars,116
443,umrak11,116
449,masecla22,115
449,zero,115
449,artheadsweden,115
452,jorendorff,114
453,ovs-code ,113
453,thecatrine ,113
455,Loren Troan,112
455,Allen Huang,112
455,cow-moo,112
455,xiej2520,112
455,Carl Sandrock,112
460,Noureldin,111
460,Renette Ros,111
462,lonerz,110
462,Sreeram Ramachandran,110
462,epsalon,110
462,Lilian,110
462,Yusuf Elsharawy,110
462,XeroOl ,110
468,Redcrafter,109
469,Nathan Ye,108
470,Lawrence Kesteloot,107
470,Cameron Wu ,107
472,Lenny S,106
472,icemoon97,106
472,danzou56,106
472,Jc,106
476,Josh Taylor,105
476,Erik Szalay,105
476,HertzDevil,105
476,a5a7,105
476,Aditya C,105
481,cub,104
482,Hannah Rose,103
482,Mr Thimot√©,103
482,Du≈°an Miniƒá,103
482,anonymous user #2584744,103
482,dkesler,103
487,FillyAutomatic,102
487,Niklas Sand√©n,102
489,Tristan Rasmussen,101
490,anonymous user #640116,100
490,Paul Martinez ,100
490,twright0,100
490,siraben,100
490,josephxwang,100
490,Hessel,100
496,Paul Zagieboylo ,99
496,Alex Weil,99
498,noblematt,98
498,Josh Mandel,98
498,MelnCat,98
498,Peter Trebaticky ,98
498,Mihai Maruseac,98
498,Peter Olson,98
504,Ian O'Donnell,97
504,Maxim Volkov,97
504,Marcus Oscarsson,97
504,Jacob Magnuson ,97
508,Josh Leverette,95
508,Hunter Staiger,95
510,OroArmor,94
510,Ryan Leemans,94
510,SizableShrimp,94
513,Alvar Soome,93
513,Joseph Gleason ,93
515,Edward Lue,92
515,oparkerj,92
517,sguest,91
517,Number Basher (Very Smart),91
517,ColeTrammer,91
520,tesselslate,90
520,RobertDWhite,90
520,Adrian Smith,90
520,bcdean,90
520,Salomon Trujillo ,90
520,Benjamin Chen,90
520,Patrick Fitzgerald,90
527,rotcar,89
528,AmoleR,88
528,anonymous user #371225,88
528,Sumudu Fernando,88
528,Pawe≈Ç Kubiak,88
528,uva14726173,88
533,Han Mertens,87
533,downvoid,87
535,Nikhil Vijai,86
535,Natanaelel,86
535,Daniel Ge,86
535,Olivier Le Floch,86
535,Florian Snow,86
540,Talchas,85
540,Zach Hacking,85
540,Wojciech Nadara,85
543,Michael Broughton,84
543,Ivan Lyzhin,84
543,Cameron,84
543,xivaxy,84
547,Carson Graham,83
547,djpohly,83
547,Alexander Fenster,83
547,Chris Rectenwald,83
547,solstice23,83
547,Guillaume Alleon,83
547,Karthik Karanth,83
554,LK,82
554,vekt0r-github,82
554,Qiqi Impact,82
554,Akari,82
558,Jake Williams,81
558,nick-hiebl,81
558,Thomas Kaldahl,81
558,AK1089,81
558,Isaac Good,81
558,vukonen,81
558,anonymous user #1011488,81
565,M1ngXU,80
565,Alex Wen,80
565,Kevin Guo,80
565,Alexandre Thiault,80
569,Michael Tardibuono,79
569,anonymous user #203730,79
569,Qwerasd,79
569,Bergschaf,79
569,awychong,79
574,sampersand,78
574,Gabriel Kanegae,78
574,Emil Kaczy≈Ñski ,78
574,sr2echa,78
574,PenguinEncounter,78
579,Tristan Lee,77
579,democat3457,77
579,jaspercb,77
579,Mark Ladygo,77
579,Nathan Shirley,77
579,anonymous user #198392,77
579,bykem,77
579,vjeranc,77
579,Ken Gene Quah,77
579,Rich√°rd Moln√°r-Szipai,77
589,Ari Wachtel,76
589,Frunze Dzvakeryan ,76
589,Paul Wild,76
589,anonymous user #1350909,76
589,Samo Kralj,76
589,Draco18s,76
589,prandla,76
589,Ayman Eltemmsahy,76
597,Ross Newman,75
597,csjh,75
597,Stevie-O ,75
597,Arkadiusz Chmura,75
597,vishal chauhan,75
597,runarmod,75
603,Nicholas Tarsis,74
603,StarGazingHomies,74
603,Sans Cipher,74
603,glaukias,74
603,Greg Titus,74
603,chasehult,74
609,Gustav Kalander,73
609,nkitsaini,73
609,alexxyu,73
609,Andr√© Emery,73
613,anonymous user #63186,72
613,Gotheru,72
613,Thrythe,72
613,Julian Bruyat,72
617,tabun-dareka,71
617,Tea Leka,71
617,Ghurfa,71
617,narpfel,71
617,Evgeniy Krasko ,71
617,Theo Browne,71
623,chluebi,70
623,Kitchen_Choice_8786,70
623,Adalbert,70
623,anonymous user #999046,70
623,ObamaLover1281231312,70
623,Tautvydas ≈Ωilys,70
623,Egan Bosch,70
630,MeepMoop,69
630,dsemi ,69
630,Nicholas Foo,69
630,Ethan,69
630,hades,69
635,Jonathan Ho ,68
635,Aleksei Latyshev,68
635,1e1001,68
635,anonymous user #1785483,68
635,theadamabrams,68
640,Danny Lin,67
640,HoLLy,67
640,Aymeric Wibo,67
640,Ahmed Magri,67
644,Minh Nguyen Quang,66
644,SoodonymAlias,66
644,alexanderthiem,66
644,J Carr,66
648,BelgianSalamander,65
648,lewinski,65
648,CaptainSora,65
648,anonymous user #251872,65
648,Matthew Reeder,65
648,cuddli,65
648,llyyr,65
655,Michael Skyba,64
655,sorawit,64
655,Strikeeaglechase,64
655,Marcelo Fornet,64
655,Tony Jiang,64
655,Colin Stewart,64
655,proxima b,64
655,Yves77Yves,64
655,Robert Tupelo-Schneck,64
655,kapilgain,64
655,Sergey Ilyevsky,64
666,Cai Zhenzhi,63
666,duckyluuk,63
666,phoyh,63
666,Dan Adkins,63
670,BrooklynS,62
670,Eric Higgins,62
670,Jeroen Op de Beek,62
670,nfejes,62
670,Garrett Lyon,62
670,Christian Czekay ,62
676,jdabtieu,61
676,Redstone_Flash,61
676,Tim Kt,61
676,Nikita Gaevoy,61
676,BendettaSD,61
681,Coby Tran,60
681,Calvin Godfrey,60
681,lxylxy123456,60
681,wincss,60
681,DottedCalculator,60
681,cmears,60
681,takeuchi-masaki,60
681,TrueBoxGuy,60
689,sndyx ,59
689,anonymous user #685930,59
689,pt1243,59
689,Jessica Yuan,59
689,msc-27,59
694,Derek Dong,58
694,LiquidFun,58
696,Tim Black,57
696,RussellDash332,57
696,Ali Toosi,57
696,Michael Goldwasser,57
696,HalbFettKaese,57
696,Maxim Buzdalov,57
696,anonymous user #2783989,57
696,Dustin Ward,57
696,imneme,57
696,zilch40,57
706,Krish,56
706,Gymhgy,56
706,Nnnes,56
706,Maha Zainab,56
710,DLu,55
710,anonymous user #1132516,55
710,Avongard,55
710,anonymous user #146689,55
710,anonymous user #2510185,55
710,TheSuperGamer20578,55
710,G√°bor Tar,55
717,Brian Bucklew,54
717,XHRogerCao,54
717,Forest Anderson,54
717,Rishi Vijay,54
717,Rayson Koh ,54
722,anonymous user #614991,53
722,bruteforceboy,53
722,Jacob Wood,53
722,Rohan Jain,53
722,hchokshi,53
722,Dennis Tian,53
722,XeroOl,53
722,Nicolas Normand,53
722,Renske Idzenga,53
722,a-e-k,53
732,5joshi,52
732,Tobias-Glimmerfors,52
732,ephemient,52
732,Mantra Trambadia,52
732,Nico-Posada,52
732,comfyanonymous,52
738,Chao Zhang,51
738,Leo Uino ,51
738,Jerry Xu,51
738,Finn,51
738,elu00,51
738,Shawn M Moore,51
738,anonymous user #289486,51
738,official-techsupport,51
738,Alan Buriƒá,51
738,Andy Magee,51
748,Aaron Fink,50
748,andrewhuang56,50
748,Bing-Dong Liu,50
748,Amel Avdic,50
748,iProgramInCpp,50
748,Zichen Zheng,50
748,sparkyb,50
748,daviklo,50
756,CAG2Mark,49
756,jvmusin,49
756,Sam Harrison,49
756,Jiacheng (Alan) Liang,49
756,anonymous user #3813216,49
761,Pontus Walck ,48
761,Liwei Cai,48
761,Joe L.,48
761,Dawn Drain,48
761,Dmitry Ivanov,48
761,Shemetz,48
767,Abraham Guo,47
767,dkalak,47
767,JsonJ__,47
767,cadybaltz,47
767,Pavel Egorov,47
767,Mateusz Kopeƒá,47
773,Joshua Dunbrack,46
773,taesungh,46
773,Alexander Pfanne,46
773,Pradeep Mathias,46
773,Nik Sauer,46
778,mewnian,45
778,Tommy Vadakumchery,45
778,nwtnni,45
778,Joey Thaman,45
778,kajott,45
783,Badtz,44
783,miriam-rittenberg,44
783,nandhagk,44
783,Mile Druzijanic,44
783,Can Berk G√ºder,44
783,Mike Marcelais ,44
783,Guillaume Brunerie,44
790,Casey Bolton,43
790,Matthew Boehm,43
790,sun-bachung,43
790,fmoeran,43
790,Ethan Tillison,43
795,Kevin Bienvenu,42
795,Luk√°≈° Folwarczn√Ω,42
795,Sreekanth Krishnankutty Nair,42
795,Philipp Lenk,42
795,Ed Murphy,42
800,Lalsin Nilian,41
800,anonymous user #3187566,41
800,matthewd,41
800,andreas-hilti ,41
804,Vinay Goel,40
804,ssieb,40
804,drougge,40
804,Charles Lien,40
804,KyleNo,40
804,Marcus Takvam Lexander,40
804,ykrukovsky,40
811,Kelly Dance,39
811,ezraft,39
811,CY Wong,39
811,Sese M√ºller,39
811,B√©la M√©rvad√≥ ,39
811,Willie Zhu,39
811,anonymous user #27126,39
811,cvooster,39
811,Clayton Smith ,39
820,√ñzg√ºn √ñzusta,38
821,elnardu,37
821,otisdog8,37
821,Arthur Bright,37
821,bmachado1,37
821,ndimov,37
821,Sead Durakovic,37
821,Graham White ,37
821,Maj Stenmark,37
821,anjhe18,37
821,aMarkSnyder,37
831,Enkhsanaa,36
831,IsabelleB75,36
831,Greg Zborovsky,36
831,MatthewB384,36
831,Sohom Sahaun,36
831,Alena Yadvichuk,36
831,viceroypenguin,36
831,Evan Jeffrey,36
831,Pakkapong Sricharoen,36
831,LarsvanDartel,36
841,Samuel Pasierb,35
841,CodingAP,35
841,Kateba ,35
841,Esteban de la Canal,35
841,Minespeed1009 Gaming,35
841,factorio1234,35
841,lamkashingpaul,35
841,sergey-senozhatsky,35
849,whaatt,34
849,jenna8844,34
849,pvillano,34
849,Yuliy Pisetsky,34
849,Max Bowman,34
849,Yash-Singh1,34
849,alexd298,34
856,Lars Haulin ,33
856,Ethan Luo,33
856,Alexandre Dewilde,33
856,Nate Paymer,33
856,Crowthebird,33
856,Thomas Tu,33
856,Connor Harris,33
856,jontmy,33
856,SKAUL05,33
865,Nikhil Menon,32
865,CPlusMinus2000,32
865,sandbergjakob,32
865,vincentwoo,32
865,Frode Johannesen ,32
865,anonymous user #3623184,32
871,bjebert,31
871,Roman Elizarov,31
871,kcmyang,31
871,Ahmed Ossama,31
871,Dawn Chen,31
871,Isaac Morgan,31
877,Jakub Kotrs,30
877,isnbh0,30
877,gemdude46,30
877,mahbubul hasan,30
877,tsreaper,30
877,James Pringle,30
877,Mehran Siddiqui,30
877,Hillo111,30
885,JLMadsen,29
885,Vaks kavs,29
885,eeuropium,29
885,SimpleArt,29
885,Leon Br√∂ckers ,29
890,CarbonIce,28
890,harrison truscott,28
890,Bailey Butler,28
890,Daniel Breiner,28
890,anonymous user #1917058,28
890,Brian Zhou ,28
890,ascharpegge,28
890,Sebastian Claici,28
898,Tyler Lemburg,27
898,Espiobest,27
898,Jeroen Bransen,27
898,anonymous user #1213461,27
898,Shashank Bhatt,27
898,Adsalor,27
898,Gleb Mazovetskiy,27
898,Andrew Nestor Garzon,27
906,Sheler_,26
906,Adam Hutchings,26
906,alchzh,26
906,Isaac Peterson,26
906,Shahan Mir,26
911,Mateus Sze Cosenza,25
911,Kendall Yu ,25
911,Pervushin brothers,25
911,Luke Moran,25
911,Adam Gausmann,25
911,WildUtah,25
911,DevilSquirrel,25
911,Eugene Chernyshov (Evgenus),25
919,Yabk,24
919,AlexJones0,24
919,Ben Taylor,24
919,AndersTornkvist,24
919,DeadlyRedCube,24
919,Henrik Ygge,24
925,Jordan Richards,23
925,ellellie,23
925,sblom,23
925,anonymous user #393546,23
925,David Philipson,23
925,Jack Iannamorelli,23
925,Kevin Gasperich,23
925,anonymous user #289309,23
925,Kai Burjack,23
925,ola-n-nilsson,23
935,Chase Hadley,22
935,Olive Prichard,22
935,Vishnu Remesh,22
935,Gaurav Gosain,22
935,Dennis Hu,22
935,Vincent Schoonveld,22
935,anonymous user #2569289,22
942,kyleyarwood,21
942,Jason Feng,21
942,btrotta,21
942,jlallas384,21
942,Werner Altewischer,21
942,xelf,21
942,Icantknow,21
942,Gabriel Diaconita,21
950,chrwoods,20
950,tom-fibo,20
950,jamesjjx,20
950,meew0,20
950,mlevesquedion,20
950,R√≥bert B√°n ,20
950,Rahul Gandharva ,20
957,Thibaud Maurel,19
957,Zayne Siew,19
957,Patrick Coleman,19
957,ConsiderPhlebas,19
957,anonymous user #1640821,19
957,ENAILIS,19
957,aditsu,19
957,Shayne Holmes,19
957,rchalamala,19
966,Olivia Kaufman,18
966,Lionel Foxcroft,18
966,sportshead,18
966,Wouter van Heyst,18
966,Geoff Zheng ,18
966,anonymous user #3625196,18
966,Ross MacArthur,18
973,El Mas,17
973,Mark Wen,17
973,Rohan Wadhawan,17
973,aidangottlieb ,17
973,Dmitry Yantsen ,17
978,Sebastian Aigner,16
978,Daniel Cepeda,16
978,lbud,16
978,tpospisi,16
978,Arrowbounce,16
983,MikeXander,15
983,Chris Petit,15
983,Isse,15
983,Jacob Guglielmin,15
983,Turkhuu Batbayar,15
983,MLMANPT,15
983,Eagle Diao,15
983,Ferdinand Davidenko ,15
983,Harry Zhang,15
983,Artuur-Oerlemans,15
983,Jordan Perry,15
983,Solra Bizna,15
983,mbel0,15
983,@iffify,15
997,anonymous user #2403605,14
997,Summata Notata,14
997,xiayuhuazhang,14
997,racsosabe,14
997,t-brieger,14
997,TXort,14
997,mokotturu,14
997,sudhackar,14
997,Frank Lin,14
997,Steven McConomy,14
997,Disnaming,14
1008,Timothy Gonzalez,13
1008,Jeff Zhang,13
1008,Patryk G,13
1008,Jason Newman,13
1008,Kai Si ,13
1008,K√•re von Geijer,13
1008,Alexander Fu,13
1008,Karan Bardhan,13
1016,J√©r√©my Guillot,12
1016,flatypus,12
1016,Dan Katz,12
1016,Zach Farr,12
1016,anonymous user #2038911,12
1016,Emanuel S√§rnhammar,12
1016,Valokoodari,12
1023,lilweege,11
1023,Ryan Eaton,11
1023,denilblecodeur,11
1023,radoslav11,11
1023,Yves Delley,11
1023,Arthur Rudolph,11
1023,S≈Çawek Biel ,11
1023,Fragger,11
1023,Justin Xu,11
1023,arichnad,11
1023,B00TK1D,11
1034,stristr,10
1034,yellowsubmarine1447,10
1034,drdilyor,10
1034,ilikecubesnstuff,10
1034,sschr15,10
1034,Dominika Javorov√°,10
1034,jzhe727,10
1034,Olivia Mackall,10
1034,timreyn,10
1034,Vladyslav Burakov,10
1034,Rascal_Two,10
1034,David Kuleniuk,10
1046,Elijah-Huang,9
1046,Samuel B,9
1046,elephantae,9
1046,Konstantin,9
1046,Hugues Hoppe ,9
1046,Radu Grigore,9
1046,RodrigoLlanes,9
1046,Riley,9
1046,Max Tsishkouski,9
1046,Gustav Gans,9
1046,joshuaruegge,9
1046,Ivanidzo4ka,9
1046,Borut Levart,9
1059,cup2of2tea,8
1059,Sploder12,8
1059,gsou,8
1059,aaa a,8
1059,@liviuchircu,8
1059,zeyonaut,8
1059,jimscchen,8
1059,Iliya Yanev,8
1059,Kaaden RumanCam,8
1059,JYC,8
1059,Footkick72,8
1059,joosu77,8
1059,Jonathan Price,8
1059,Th√©o Lecerf,8
1059,Thomas Lindae,8
1074,trigtbh,7
1074,Alex MF,7
1074,mvolfik,7
1074,Sagartoke510,7
1074,Saketh Reddy,7
1074,PotentialStyx,7
1074,L4Vo5,7
1081,EIFY,6
1081,n1punp,6
1081,Stewart Wilcox,6
1081,Jean-No√´l Monette,6
1081,Oleg Godovykh,6
1081,Emmanuel Thom√©,6
1087,orfest,5
1087,Eric Wang,5
1087,Saji Kamdod ,5
1087,BradfordC,5
1087,kdvkrs,5
1087,Tam An Le Quang,5
1087,pppery,5
1087,Lauri Kentt√§,5
1087,Pauline,5
1087,John Churchill,5
1097,jacobparish,4
1097,ilg,4
1097,John,4
1097,Teferi,4
1097,ishmeals,4
1097,Kacper Topolski,4
1097,Alex Steele,4
1097,anonymous user #3336632,4
1097,Andreas Bj√∂rklund ,4
1097,Jason Henline,4
1097,Marko Gartnar,4
1108,ouwou,3
1108,Dmytro Kozhevin,3
1108,jakingy,3
1108,Kunal Chattopadhyay,3
1108,Noah Overcash,3
1108,parthsarin,3
1108,maguire-w-j,3
1115,Julian Baldus,2
1115,Sampriti Panda,2
1115,Luke-Sheltraw,2
1115,Bradon Zhang,2
1115,terrance-li,2
1115,Sandra van Schouwenburg,2
1115,Satya Anshu,2
1115,Jacob Smith (j_p_smith),2
1115,jonathan-lemos,2
1115,anonymous user #3708199,2
1115,anonymous user #3316978,2
1115,attempt0,2
1127,Joshua Broeksteeg ,1
1127,Cameron Montag ,1
1127,Alex Waese-Perlman,1
1127,matthewyu01,1
1127,Dan Roche,1
1127,Andrew Li,1
1127,zachs18,1
1127,spampacc,1
1127,stazarzxy,1
1127,Jon Eisen,1
1127,Archie Macrae,1
1127,fnuttplus,1
